FOOD,cost,Buy,BuyRC,BuyFrac
BEEF,3.19,5.360613810741664,2.220446049250313e-15,0.5360613810741663
CHK,2.59,2,1.188840579710143,0.2
FISH,2.29,2,1.144407502131287,0.2
HAM,2.89,10,-0.30265132139812123,1
MCH,1.89,10,-0.5511508951406645,1
MTL,1.99,10,-1.3289002557544731,1
SPG,1.99,9.306052855924994,0,0.9306052855924994
TUR,2.49,2,2.7316197783461185,0.2
